United States,Fax,Outdoors Shop,Camping Equipment,Cooking Gear,TrailChef Deluxe Cook Set,2012,Q1 2012,59628.66,489,0.34754797
United States,Fax,Outdoors Shop,Camping Equipment,Cooking Gear,TrailChef Double Flame,2012,Q1 2012,35950.32,252,0.4742745
United States,Fax,Outdoors Shop,Camping Equipment,Tents,Star Dome,2012,Q1 2012,89940.48,147,0.35277197
United States,Fax,Outdoors Shop,Camping Equipment,Tents,Star Gazer 2,2012,Q1 2012,165883.41,303,0.28293788
United States,Fax,Outdoors Shop,Camping Equipment,Sleeping Bags,Hibernator Lite,2012,Q1 2012,119822.2,1415,0.29145017
United States,Fax,Outdoors Shop,Camping Equipment,Sleeping Bags,Hibernator Extreme,2012,Q1 2012,87728.96,352,0.39814629
United States,Fax,Outdoors Shop,Camping Equipment,Sleeping Bags,Hibernator Camp Cot,2012,Q1 2012,41837.46,426,0.33560737
United States,Fax,Outdoors Shop,Camping Equipment,Lanterns,Firefly Lite,2012,Q1 2012,8268.41,577,0.52896022
United States,Fax,Outdoors Shop,Camping Equipment,Lanterns,Firefly Extreme,2012,Q1 2012,9393.3,189,0.43420523
United States,Fax,Outdoors Shop,Camping Equipment,Lanterns,EverGlow Single,2012,Q1 2012,19396.5,579,0.46149254
United States,Fax,Outdoors Shop,Camping Equipment,Lanterns,EverGlow Butane,2012,Q1 2012,6940.03,109,0.36186587
United States,Fax,Outdoors Shop,Mountaineering Equipment,Rope,Husky Rope 50,2012,Q1 2012,20003.2,133,0.32905585
United States,Fax,Outdoors Shop,Mountaineering Equipment,Rope,Husky Rope 60,2012,Q1 2012,14109.4,79,0.29165733
United States,Fax,Outdoors Shop,Mountaineering Equipment,Rope,Husky Rope 100,2012,Q1 2012,73970.22,227,0.30126435
United States,Fax,Outdoors Shop,Mountaineering Equipment,Rope,Husky Rope 200,2012,Q1 2012,77288.64,143,0.31477575
United States,Fax,Outdoors Shop,Mountaineering Equipment,Safety,Granite Climbing Helmet,2012,Q1 2012,62464.88,898,0.24468085
United States,Fax,Outdoors Shop,Mountaineering Equipment,Safety,Husky Harness,2012,Q1 2012,34154.9,559,0.28363339
United States,Fax,Outdoors Shop,Mountaineering Equipment,Safety,Husky Harness Extreme,2012,Q1 2012,36396.8,352,0.47843327
United States,Fax,Outdoors Shop,Mountaineering Equipment,Safety,Granite Signal Mirror,2012,Q1 2012,4074.84,126,0.51422387
United States,Fax,Outdoors Shop,Mountaineering Equipment,Climbing Accessories,Granite Carabiner,2012,Q1 2012,15122.72,4022,0.4787234
United States,Fax,Outdoors Shop,Mountaineering Equipment,Climbing Accessories,Granite Belay,2012,Q1 2012,19476.8,296,0.47613982
United States,Fax,Outdoors Shop,Mountaineering Equipment,Climbing Accessories,Granite Pulley,2012,Q1 2012,15739.22,427,0.50217037
United States,Fax,Outdoors Shop,Mountaineering Equipment,Climbing Accessories,Firefly Climbing Lamp,2012,Q1 2012,17998.56,464,0.42768755
United States,Fax,Outdoors Shop,Mountaineering Equipment,Climbing Accessories,Firefly Charger,2012,Q1 2012,36494,710,0.56498054
United States,Fax,Outdoors Shop,Mountaineering Equipment,Climbing Accessories,Firefly Rechargeable Battery,2012,Q1 2012,11673.6,1520,0.58984375
United States,Fax,Outdoors Shop,Mountaineering Equipment,Climbing Accessories,Granite Chalk Bag,2012,Q1 2012,4621.68,262,0.51643991
United States,Fax,Outdoors Shop,Mountaineering Equipment,Tools,Granite Ice,2012,Q1 2012,25041.6,333,0.48178191
United States,Fax,Outdoors Shop,Mountaineering Equipment,Tools,Granite Hammer,2012,Q1 2012,18118.38,241,0.2434158
United States,Fax,Outdoors Shop,Mountaineering Equipment,Tools,Granite Shovel,2012,Q1 2012,9543.16,164,0.33699948
United States,Fax,Outdoors Shop,Mountaineering Equipment,Tools,Granite Grip,2012,Q1 2012,10146.2,523,0.49020619
United States,Fax,Outdoors Shop,Mountaineering Equipment,Tools,Granite Axe,2012,Q1 2012,32870.4,856,0.49166667
United States,Fax,Outdoors Shop,Mountaineering Equipment,Tools,Granite Extreme,2012,Q1 2012,42563.2,566,0.38138298
United States,Fax,Outdoors Shop,Personal Accessories,Watches,Mountain Man Extreme,2012,Q1 2012,6499.8,23,0.5888535
United States,Fax,Outdoors Shop,Personal Accessories,Eyewear,Polar Sun,2012,Q1 2012,7015.34,116,0.56760471
United States,Fax,Outdoors Shop,Personal Accessories,Eyewear,Polar Ice,2012,Q1 2012,3825.8,37,0.51943907
United States,Fax,Outdoors Shop,Personal Accessories,Knives,Edge Extreme,2012,Q1 2012,30940.25,275,0.28895209
United States,Fax,Outdoors Shop,Personal Accessories,Knives,Bear Survival Edge,2012,Q1 2012,8414.75,97,0.48126801
United States,Fax,Outdoors Shop,Personal Accessories,Navigation,Glacier GPS Extreme,2012,Q1 2012,38534.28,114,0.4779303
United States,Fax,Outdoors Shop,Outdoor Protection,Insect Repellents,BugShield Extreme,2012,Q1 2012,25010.58,3801,0.63221884
United States,Fax,Outdoors Shop,Outdoor Protection,Sunscreen,Sun Shelter Stick,2012,Q1 2012,5718.15,1179,0.59587629
United States,Fax,Outdoors Shop,Outdoor Protection,First Aid,Compact Relief Kit,2012,Q1 2012,4057.2,180,0.60070985
United States,Fax,Outdoors Shop,Outdoor Protection,First Aid,Aloe Relief,2012,Q1 2012,711.28,136,0.63288719
United States,Telephone,Golf Shop,Personal Accessories,Watches,Infinity,2012,Q1 2012,11000,50,0.47472727
United States,Telephone,Golf Shop,Personal Accessories,Watches,TX,2012,Q1 2012,14004,72,0.46098543
United States,Telephone,Golf Shop,Personal Accessories,Watches,Legend,2012,Q1 2012,13927,58,0.44401666
United States,Telephone,Golf Shop,Personal Accessories,Watches,Kodiak,2012,Q1 2012,7939.8,66,0.44272652
United States,Telephone,Golf Shop,Personal Accessories,Eyewear,Capri,2012,Q1 2012,10838.9,283,0.34125326
United States,Telephone,Golf Shop,Personal Accessories,Eyewear,Cat Eye,2012,Q1 2012,4428.85,101,0.35051311
United States,Telephone,Golf Shop,Personal Accessories,Eyewear,Dante,2012,Q1 2012,9759.75,231,0.36
United States,Telephone,Golf Shop,Personal Accessories,Eyewear,Fairway,2012,Q1 2012,8241.35,409,0.40496278
United States,Telephone,Golf Shop,Personal Accessories,Eyewear,Inferno,2012,Q1 2012,12935,199,0.39374952
United States,Telephone,Golf Shop,Personal Accessories,Eyewear,Maximus,2012,Q1 2012,9325,113,0.50874531
United States,Telephone,Golf Shop,Personal Accessories,Eyewear,Trendi,2012,Q1 2012,9104.3,181,0.39542744
United States,Telephone,Golf Shop,Personal Accessories,Eyewear,Zone,2012,Q1 2012,4574.3,149,0.33192182
United States,Telephone,Golf Shop,Personal Accessories,Knives,Max Gizmo,2012,Q1 2012,7640,200,0.53979058
United States,Telephone,Golf Shop,Personal Accessories,Knives,Pocket Gizmo,2012,Q1 2012,866.2,71,0.59836066
United States,Telephone,Golf Shop,Personal Accessories,Binoculars,Ranger Vision,2012,Q1 2012,7520,47,0.5350625
United States,Telephone,Golf Shop,Personal Accessories,Navigation,Trail Master,2012,Q1 2012,1095,3,0.34767123
United States,Telephone,Golf Shop,Golf Equipment,Irons,Hailstorm Steel Irons,2012,Q1 2012,28434.48,72,0.44039771
United States,Telephone,Golf Shop,Golf Equipment,Irons,Hailstorm Titanium Irons,2012,Q1 2012,65461.5,75,0.43751289
United States,Telephone,Golf Shop,Golf Equipment,Irons,Lady Hailstorm Steel Irons,2012,Q1 2012,16025.28,32,0.44535634
United States,Telephone,Golf Shop,Golf Equipment,Irons,Lady Hailstorm Titanium Irons,2012,Q1 2012,54319.2,65,0.44955007
United States,Telephone,Golf Shop,Golf Equipment,Woods,Hailstorm Titanium Woods Set,2012,Q1 2012,106338.98,89,0.42250716
United States,Telephone,Golf Shop,Golf Equipment,Woods,Hailstorm Steel Woods Set,2012,Q1 2012,30095.04,44,0.50056886
United States,Telephone,Golf Shop,Golf Equipment,Woods,Lady Hailstorm Titanium Woods Set,2012,Q1 2012,34509.78,27,0.48311609
United States,Telephone,Golf Shop,Golf Equipment,Woods,Lady Hailstorm Steel Woods Set,2012,Q1 2012,53082.54,62,0.44845066
United States,Telephone,Golf Shop,Golf Equipment,Putters,Course Pro Putter,2012,Q1 2012,25215.25,349,0.51695502
United States,Telephone,Golf Shop,Golf Equipment,Putters,Blue Steel Putter,2012,Q1 2012,9477.16,112,0.51310308
United States,Telephone,Golf Shop,Golf Equipment,Putters,Blue Steel Max Putter,2012,Q1 2012,40070.44,236,0.45933212
United States,Telephone,Golf Shop,Golf Equipment,Golf Accessories,Course Pro Golf and Tee Set,2012,Q1 2012,4693.5,471,0.71901566
United States,Telephone,Golf Shop,Golf Equipment,Golf Accessories,Course Pro Umbrella,2012,Q1 2012,5911.05,492,0.50059634
United States,Telephone,Golf Shop,Golf Equipment,Golf Accessories,Course Pro Golf Bag,2012,Q1 2012,8611.89,42,0.61130484
United States,Telephone,Golf Shop,Golf Equipment,Golf Accessories,Course Pro Gloves,2012,Q1 2012,10778.92,1637,0.63399209
United States,Telephone,Department Store,Camping Equipment,Cooking Gear,TrailChef Canteen,2012,Q1 2012,18092.51,2063,0.49600912
United States,Telephone,Department Store,Camping Equipment,Cooking Gear,TrailChef Kitchen Kit,2012,Q1 2012,82254.08,3592,0.30434381
United States,Telephone,Department Store,Camping Equipment,Cooking Gear,TrailChef Cup,2012,Q1 2012,21434.73,6134,0.75675458
United States,Telephone,Department Store,Camping Equipment,Cooking Gear,TrailChef Cook Set,2012,Q1 2012,70400.88,1331,0.3388567
United States,Telephone,Department Store,Camping Equipment,Cooking Gear,TrailChef Deluxe Cook Set,2012,Q1 2012,77066.08,632,0.34754797
United States,Telephone,Department Store,Camping Equipment,Cooking Gear,TrailChef Single Flame,2012,Q1 2012,22593.6,360,0.26099426
United States,Telephone,Department Store,Camping Equipment,Cooking Gear,TrailChef Kettle,2012,Q1 2012,138711.56,17492,0.49684741
United States,Telephone,Department Store,Camping Equipment,Cooking Gear,TrailChef Utensils,2012,Q1 2012,11394.39,609,0.46552646
United States,Telephone,Department Store,Camping Equipment,Tents,Star Dome,2012,Q1 2012,243512.32,398,0.35277197
United States,Telephone,Department Store,Camping Equipment,Tents,Star Gazer 2,2012,Q1 2012,165335.94,302,0.28293788
United States,Telephone,Department Store,Camping Equipment,Tents,Star Gazer 6,2012,Q1 2012,134690.2,172,0.37426776
United States,Telephone,Department Store,Camping Equipment,Tents,Star Peg,2012,Q1 2012,2258,1129,0.5
United States,Telephone,Department Store,Camping Equipment,Sleeping Bags,Hibernator Lite,2012,Q1 2012,50892.68,601,0.29145017
United States,Telephone,Department Store,Camping Equipment,Sleeping Bags,Hibernator,2012,Q1 2012,160103.2,1160,0.3769019
United States,Telephone,Department Store,Camping Equipment,Sleeping Bags,Hibernator Self - Inflating Mat,2012,Q1 2012,66514.28,556,0.5440107
United States,Telephone,Department Store,Camping Equipment,Sleeping Bags,Hibernator Pad,2012,Q1 2012,16205.73,411,0.51382196
United States,Telephone,Department Store,Camping Equipment,Sleeping Bags,Hibernator Pillow,2012,Q1 2012,33520.42,2475,0.46298346
United States,Telephone,Department Store,Camping Equipment,Sleeping Bags,Hibernator Camp Cot,2012,Q1 2012,150163.09,1529,0.33560737
United States,Telephone,Department Store,Camping Equipment,Packs,Canyon Mule Climber Backpack,2012,Q1 2012,69788.49,951,0.28458833
United States,Telephone,Department Store,Camping Equipment,Packs,Canyon Mule Weekender Backpack,2012,Q1 2012,417084.48,1552,0.37984669
United States,Telephone,Department Store,Camping Equipment,Packs,Canyon Mule Journey Backpack,2012,Q1 2012,235660.36,676,0.38805542
United States,Telephone,Department Store,Camping Equipment,Packs,Canyon Mule Cooler,2012,Q1 2012,53822.16,1652,0.50890117
United States,Telephone,Department Store,Camping Equipment,Packs,Canyon Mule Carryall,2012,Q1 2012,26806.92,388,0.40396584
United States,Telephone,Department Store,Camping Equipment,Lanterns,Firefly Lite,2012,Q1 2012,9873.37,689,0.52896022
United States,Telephone,Department Store,Camping Equipment,Lanterns,Firefly Mapreader,2012,Q1 2012,32079.56,2027,0.52610011
United States,Telephone,Department Store,Camping Equipment,Lanterns,Firefly 2,2012,Q1 2012,76660.11,2899,0.36960265
United States,Telephone,Department Store,Camping Equipment,Lanterns,Firefly 4,2012,Q1 2012,9751.3,338,0.37608319
United States,Telephone,Department Store,Camping Equipment,Lanterns,Firefly Multi-light,2012,Q1 2012,39785.31,1536,0.31356372
United States,Telephone,Department Store,Camping Equipment,Lanterns,EverGlow Single,2012,Q1 2012,20200.5,603,0.46149254
United States,Telephone,Department Store,Camping Equipment,Lanterns,EverGlow Double,2012,Q1 2012,8075.38,158,0.43748777
United States,Telephone,Department Store,Camping Equipment,Lanterns,EverGlow Butane,2012,Q1 2012,24321.94,382,0.36186587
United States,Telephone,Department Store,Camping Equipment,Lanterns,EverGlow Lamp,2012,Q1 2012,105021.54,3903,0.33216643
United States,Telephone,Department Store,Personal Accessories,Watches,Mountain Man Analog,2012,Q1 2012,28066.72,592,0.36722211
United States,Telephone,Department Store,Personal Accessories,Watches,Mountain Man Digital,2012,Q1 2012,16598.54,476,0.42645558
United States,Telephone,Department Store,Personal Accessories,Watches,Mountain Man Deluxe,2012,Q1 2012,7819.32,102,0.49126011
United States,Telephone,Department Store,Personal Accessories,Watches,Mountain Man Combination,2012,Q1 2012,5551.31,59,0.52173451
United States,Telephone,Department Store,Personal Accessories,Watches,Venue,2012,Q1 2012,57894,801,0.41955609
United States,Telephone,Department Store,Personal Accessories,Watches,Infinity,2012,Q1 2012,11000,50,0.47406545
United States,Telephone,Department Store,Personal Accessories,Watches,Lux,2012,Q1 2012,20148.8,122,0.47891388
United States,Telephone,Department Store,Personal Accessories,Watches,TX,2012,Q1 2012,94764,498,0.45432464
United States,Telephone,Department Store,Personal Accessories,Watches,Legend,2012,Q1 2012,82923,325,0.4488347
United States,Telephone,Department Store,Personal Accessories,Watches,Kodiak,2012,Q1 2012,24446.1,202,0.44695391
United States,Telephone,Department Store,Personal Accessories,Eyewear,Polar Sun,2012,Q1 2012,25787.7,426,0.56801498
United States,Telephone,Department Store,Personal Accessories,Eyewear,Polar Ice,2012,Q1 2012,20835.1,200,0.52301645
United States,Telephone,Department Store,Personal Accessories,Eyewear,Polar Sports,2012,Q1 2012,10265.26,89,0.48950928
United States,Telephone,Department Store,Personal Accessories,Eyewear,Polar Wave,2012,Q1 2012,5012.47,53,0.56521236
United States,Telephone,Department Store,Personal Accessories,Eyewear,Bella,2012,Q1 2012,8977.5,133,0.45348148
United States,Telephone,Department Store,Personal Accessories,Eyewear,Capri,2012,Q1 2012,40942.7,1069,0.34160497
United States,Telephone,Department Store,Personal Accessories,Eyewear,Cat Eye,2012,Q1 2012,29721.2,1109,0.31633514
United States,Telephone,Department Store,Personal Accessories,Eyewear,Dante,2012,Q1 2012,41852.45,957,0.35135028
United States,Telephone,Department Store,Personal Accessories,Eyewear,Fairway,2012,Q1 2012,36209.55,1797,0.40343832
United States,Telephone,Department Store,Personal Accessories,Eyewear,Inferno,2012,Q1 2012,37830,582,0.39393762
United States,Telephone,Department Store,Personal Accessories,Eyewear,Maximus,2012,Q1 2012,45965,566,0.50212553
United States,Telephone,Department Store,Personal Accessories,Eyewear,Trendi,2012,Q1 2012,21478.1,427,0.39539112
United States,Telephone,Department Store,Personal Accessories,Eyewear,Zone,2012,Q1 2012,134472.6,4401,0.32463796
United States,Telephone,Department Store,Personal Accessories,Eyewear,Hawk Eye,2012,Q1 2012,8100,200,0.40918025
United States,Telephone,Department Store,Personal Accessories,Knives,Bear Survival Edge,2012,Q1 2012,13148.23,150,0.48662291
United States,Telephone,Department Store,Personal Accessories,Knives,Max Gizmo,2012,Q1 2012,20780.8,544,0.53960675
United States,Telephone,Department Store,Personal Accessories,Knives,Pocket Gizmo,2012,Q1 2012,10675,875,0.60327681
United States,Telephone,Department Store,Personal Accessories,Binoculars,Seeker 35,2012,Q1 2012,62746.98,634,0.28069112
United States,Telephone,Department Store,Personal Accessories,Binoculars,Seeker 50,2012,Q1 2012,86477.16,686,0.26558782
United States,Telephone,Department Store,Personal Accessories,Binoculars,Opera Vision,2012,Q1 2012,15180,138,0.54206983
United States,Telephone,Department Store,Personal Accessories,Binoculars,Ranger Vision,2012,Q1 2012,14720,92,0.43611413
United States,Telephone,Department Store,Personal Accessories,Navigation,Glacier Basic,2012,Q1 2012,70560.39,2257,0.36026431
United States,Telephone,Department Store,Personal Accessories,Navigation,Glacier GPS,2012,Q1 2012,38515.23,351,0.28415201
United States,Telephone,Department Store,Personal Accessories,Navigation,Trail Scout,2012,Q1 2012,9758,41,0.35798319
United States,Telephone,Department Store,Outdoor Protection,Insect Repellents,BugShield Spray,2012,Q1 2012,15770.85,2661,0.6912259
United States,Telephone,Department Store,Outdoor Protection,Insect Repellents,BugShield Lotion Lite,2012,Q1 2012,19841.22,2865,0.72853484
United States,Telephone,Department Store,Outdoor Protection,Insect Repellents,BugShield Lotion,2012,Q1 2012,31651.62,4637,0.65865223
United States,Telephone,Department Store,Outdoor Protection,Sunscreen,Sun Blocker,2012,Q1 2012,9600,2000,0.59375
United States,Telephone,Department Store,Outdoor Protection,Sunscreen,Sun Shelter 15,2012,Q1 2012,15681.6,3267,0.62708333
United States,Telephone,Department Store,Outdoor Protection,Sunscreen,Sun Shelter 30,2012,Q1 2012,37185.25,7865,0.6087091
United States,Telephone,Department Store,Outdoor Protection,Sunscreen,Sun Shield,2012,Q1 2012,11871.24,2034,0.52710585
United States,Telephone,Department Store,Outdoor Protection,First Aid,Compact Relief Kit,2012,Q1 2012,3223.22,143,0.60070985
United States,Telephone,Department Store,Outdoor Protection,First Aid,Deluxe Family Relief Kit,2012,Q1 2012,33600,988,0.58715714
United States,Telephone,Department Store,Outdoor Protection,First Aid,Calamine Relief,2012,Q1 2012,1410,235,0.52833333
United States,Telephone,Department Store,Outdoor Protection,First Aid,Aloe Relief,2012,Q1 2012,2991.56,572,0.63288719
United States,Telephone,Department Store,Outdoor Protection,First Aid,Insect Bite Relief,2012,Q1 2012,2550,425,0.54
United States,Telephone,Department Store,Golf Equipment,Irons,Hailstorm Steel Irons,2012,Q1 2012,251088.26,691,0.3918035
United States,Telephone,Department Store,Golf Equipment,Irons,Lady Hailstorm Steel Irons,2012,Q1 2012,166262.28,332,0.44535634
United States,Telephone,Department Store,Golf Equipment,Woods,Hailstorm Steel Woods Set,2012,Q1 2012,384143.28,559,0.50290839
United States,Telephone,Department Store,Golf Equipment,Woods,Lady Hailstorm Steel Woods Set,2012,Q1 2012,109589.76,128,0.44845066
United States,Telephone,Department Store,Golf Equipment,Putters,Course Pro Putter,2012,Q1 2012,247817.5,3430,0.51695502
United States,Telephone,Department Store,Golf Equipment,Putters,Blue Steel Putter,2012,Q1 2012,120795.44,1420,0.51567708
United States,Telephone,Department Store,Golf Equipment,Golf Accessories,Course Pro Golf and Tee Set,2012,Q1 2012,34097.88,3433,0.71809391
United States,Telephone,Department Store,Golf Equipment,Golf Accessories,Course Pro Umbrella,2012,Q1 2012,46281.09,3890,0.49569036
United States,Telephone,Department Store,Golf Equipment,Golf Accessories,Course Pro Golf Bag,2012,Q1 2012,40807.13,202,0.60547581
United States,Telephone,Department Store,Golf Equipment,Golf Accessories,Course Pro Gloves,2012,Q1 2012,14307.48,1386,0.7665375
United States,Telephone,Warehouse Store,Camping Equipment,Cooking Gear,TrailChef Cook Set,2012,Q1 2012,135565,2610,0.32673109
United States,Telephone,Warehouse Store,Camping Equipment,Cooking Gear,TrailChef Deluxe Cook Set,2012,Q1 2012,174983.9,1435,0.34754797
United States,Telephone,Warehouse Store,Camping Equipment,Cooking Gear,TrailChef Utensils,2012,Q1 2012,54387.11,2973,0.45336312
United States,Telephone,Warehouse Store,Camping Equipment,Tents,Star Lite,2012,Q1 2012,1210413.68,3479,0.28144401
United States,Telephone,Warehouse Store,Camping Equipment,Tents,Star Gazer 2,2012,Q1 2012,603311.94,1102,0.28293788
United States,Telephone,Warehouse Store,Camping Equipment,Tents,Star Gazer 3,2012,Q1 2012,364026.52,572,0.3306202
United States,Telephone,Warehouse Store,Camping Equipment,Sleeping Bags,Hibernator Extreme,2012,Q1 2012,348672.77,1399,0.39814629
United States,Telephone,Warehouse Store,Camping Equipment,Lanterns,Firefly Mapreader,2012,Q1 2012,42652.74,2762,0.51433366
United States,Telephone,Warehouse Store,Camping Equipment,Lanterns,Firefly Extreme,2012,Q1 2012,32205.6,648,0.43420523
United States,Telephone,Warehouse Store,Camping Equipment,Lanterns,EverGlow Single,2012,Q1 2012,49176.28,1483,0.45597105
United States,Telephone,Warehouse Store,Personal Accessories,Knives,Single Edge,2012,Q1 2012,145573.21,12121,0.28726062
United States,Telephone,Warehouse Store,Personal Accessories,Knives,Double Edge,2012,Q1 2012,38931.57,2448,0.28128663
United States,Telephone,Warehouse Store,Personal Accessories,Knives,Bear Edge,2012,Q1 2012,37335.7,957,0.39687189
United States,Telephone,Warehouse Store,Personal Accessories,Navigation,Glacier Deluxe,2012,Q1 2012,96814.2,1068,0.37970215
United States,Telephone,Warehouse Store,Outdoor Protection,Insect Repellents,BugShield Natural,2012,Q1 2012,52686.84,9305,0.67150621
United States,Telephone,Warehouse Store,Outdoor Protection,Sunscreen,Sun Shelter Stick,2012,Q1 2012,14711,3130,0.58297872
United States,Telephone,Warehouse Store,Outdoor Protection,Sunscreen,Sun Shelter 15,2012,Q1 2012,55264.8,11690,0.62136658
United States,Telephone,Warehouse Store,Outdoor Protection,Sunscreen,Sun Shield,2012,Q1 2012,27915.18,4906,0.51493918
United States,Telephone,Warehouse Store,Outdoor Protection,First Aid,Compact Relief Kit,2012,Q1 2012,14425.6,640,0.60070985
United States,Telephone,Outdoors Shop,Camping Equipment,Cooking Gear,TrailChef Water Bag,2012,Q1 2012,33006.2,8356,0.46582278
United States,Telephone,Outdoors Shop,Camping Equipment,Cooking Gear,TrailChef Kitchen Kit,2012,Q1 2012,20457.74,886,0.31009095
United States,Telephone,Outdoors Shop,Camping Equipment,Cooking Gear,TrailChef Cup,2012,Q1 2012,5207.85,1467,0.76056338
United States,Telephone,Outdoors Shop,Camping Equipment,Cooking Gear,TrailChef Double Flame,2012,Q1 2012,34238.4,240,0.4742745
United States,Telephone,Outdoors Shop,Camping Equipment,Cooking Gear,TrailChef Utensils,2012,Q1 2012,24909.4,1345,0.4600432
United States,Telephone,Outdoors Shop,Camping Equipment,Sleeping Bags,Hibernator Lite,2012,Q1 2012,54957.32,649,0.29145017
United States,Telephone,Outdoors Shop,Camping Equipment,Sleeping Bags,Hibernator Extreme,2012,Q1 2012,77759.76,312,0.39814629
United States,Telephone,Outdoors Shop,Camping Equipment,Packs,Canyon Mule Extreme Backpack,2012,Q1 2012,55842.81,129,0.4481739
United States,Telephone,Outdoors Shop,Camping Equipment,Packs,Canyon Mule Carryall,2012,Q1 2012,36548.61,529,0.40396584
United States,Telephone,Outdoors Shop,Camping Equipment,Lanterns,Firefly Lite,2012,Q1 2012,8741.3,610,0.52896022
United States,Telephone,Outdoors Shop,Camping Equipment,Lanterns,Firefly Mapreader,2012,Q1 2012,11992.2,759,0.52531646
United States,Telephone,Outdoors Shop,Camping Equipment,Lanterns,EverGlow Kerosene,2012,Q1 2012,10079.92,326,0.35316947
United States,Telephone,Outdoors Shop,Camping Equipment,Lanterns,EverGlow Butane,2012,Q1 2012,7958.75,125,0.36186587
United States,Telephone,Outdoors Shop,Mountaineering Equipment,Rope,Husky Rope 50,2012,Q1 2012,20905.6,139,0.32905585
United States,Telephone,Outdoors Shop,Mountaineering Equipment,Rope,Husky Rope 200,2012,Q1 2012,32969.28,61,0.31477575
United States,Telephone,Outdoors Shop,Mountaineering Equipment,Safety,Granite Climbing Helmet,2012,Q1 2012,63230.04,909,0.24468085
United States,Telephone,Outdoors Shop,Mountaineering Equipment,Safety,Husky Harness,2012,Q1 2012,34949.2,572,0.28363339
United States,Telephone,Outdoors Shop,Mountaineering Equipment,Safety,Husky Harness Extreme,2012,Q1 2012,44875.6,434,0.47843327
United States,Telephone,Outdoors Shop,Mountaineering Equipment,Safety,Granite Signal Mirror,2012,Q1 2012,4074.84,126,0.51422387
United States,Telephone,Outdoors Shop,Mountaineering Equipment,Climbing Accessories,Granite Carabiner,2012,Q1 2012,28722.64,7639,0.4787234
United States,Telephone,Outdoors Shop,Mountaineering Equipment,Climbing Accessories,Granite Belay,2012,Q1 2012,39216.8,596,0.47613982
United States,Telephone,Outdoors Shop,Mountaineering Equipment,Climbing Accessories,Granite Pulley,2012,Q1 2012,19881.6,545,0.49698465
United States,Telephone,Outdoors Shop,Mountaineering Equipment,Climbing Accessories,Firefly Climbing Lamp,2012,Q1 2012,9658.71,249,0.42768755
United States,Telephone,Outdoors Shop,Mountaineering Equipment,Climbing Accessories,Firefly Charger,2012,Q1 2012,17784.4,346,0.56498054
United States,Telephone,Outdoors Shop,Mountaineering Equipment,Climbing Accessories,Firefly Rechargeable Battery,2012,Q1 2012,11857.92,1544,0.58984375
United States,Telephone,Outdoors Shop,Mountaineering Equipment,Climbing Accessories,Granite Chalk Bag,2012,Q1 2012,4692.24,266,0.51643991
United States,Telephone,Outdoors Shop,Mountaineering Equipment,Tools,Granite Ice,2012,Q1 2012,28952,385,0.48178191
United States,Telephone,Outdoors Shop,Mountaineering Equipment,Tools,Granite Hammer,2012,Q1 2012,19321.26,257,0.2434158
United States,Telephone,Outdoors Shop,Mountaineering Equipment,Tools,Granite Shovel,2012,Q1 2012,10416.01,179,0.33699948
United States,Telephone,Outdoors Shop,Mountaineering Equipment,Tools,Granite Grip,2012,Q1 2012,9816.4,506,0.49020619
United States,Telephone,Outdoors Shop,Mountaineering Equipment,Tools,Granite Axe,2012,Q1 2012,30912,805,0.49166667
United States,Telephone,Outdoors Shop,Mountaineering Equipment,Tools,Granite Extreme,2012,Q1 2012,89788.8,1194,0.38138298
United States,Telephone,Outdoors Shop,Personal Accessories,Watches,Mountain Man Analog,2012,Q1 2012,4694.2,98,0.3736952
United States,Telephone,Outdoors Shop,Personal Accessories,Watches,Mountain Man Combination,2012,Q1 2012,5551.31,59,0.52173451
United States,Telephone,Outdoors Shop,Personal Accessories,Watches,Venue,2012,Q1 2012,39416,548,0.41927745
United States,Telephone,Outdoors Shop,Personal Accessories,Watches,Infinity,2012,Q1 2012,18860,84,0.46155143
United States,Telephone,Outdoors Shop,Personal Accessories,Watches,Lux,2012,Q1 2012,16692.8,98,0.47484904
United States,Telephone,Outdoors Shop,Personal Accessories,Watches,Sam,2012,Q1 2012,13380.2,298,0.38841871
United States,Telephone,Outdoors Shop,Personal Accessories,Watches,TX,2012,Q1 2012,66232,351,0.45314319
United States,Telephone,Outdoors Shop,Personal Accessories,Watches,Legend,2012,Q1 2012,59893.6,232,0.43754258
United States,Telephone,Outdoors Shop,Personal Accessories,Watches,Kodiak,2012,Q1 2012,23066.5,189,0.45080008
United States,Telephone,Outdoors Shop,Personal Accessories,Eyewear,Polar Extreme,2012,Q1 2012,2179.95,15,0.50113535
United States,Telephone,Outdoors Shop,Personal Accessories,Eyewear,Bella,2012,Q1 2012,1080,16,0.45417593
United States,Telephone,Outdoors Shop,Personal Accessories,Eyewear,Capri,2012,Q1 2012,2374.6,62,0.34020888
United States,Telephone,Outdoors Shop,Personal Accessories,Eyewear,Cat Eye,2012,Q1 2012,55922.7,1864,0.32482248
United States,Telephone,Outdoors Shop,Personal Accessories,Eyewear,Dante,2012,Q1 2012,32228.95,751,0.35601532
United States,Telephone,Outdoors Shop,Personal Accessories,Eyewear,Fairway,2012,Q1 2012,11646.7,578,0.40441069
United States,Telephone,Outdoors Shop,Personal Accessories,Eyewear,Maximus,2012,Q1 2012,31510,387,0.50259759
United States,Telephone,Outdoors Shop,Personal Accessories,Eyewear,Trendi,2012,Q1 2012,28017.1,557,0.39555057
United States,Telephone,Outdoors Shop,Personal Accessories,Eyewear,Zone,2012,Q1 2012,86166.9,2802,0.32764797
United States,Telephone,Outdoors Shop,Personal Accessories,Eyewear,Hawk Eye,2012,Q1 2012,4293,106,0.39901235
United States,Telephone,Outdoors Shop,Personal Accessories,Knives,Max Gizmo,2012,Q1 2012,9206.2,241,0.53979058
United States,Telephone,Outdoors Shop,Personal Accessories,Knives,Pocket Gizmo,2012,Q1 2012,11260.6,923,0.59836066
United States,Telephone,Outdoors Shop,Personal Accessories,Binoculars,Seeker Extreme,2012,Q1 2012,13908.51,81,0.45186652
United States,Telephone,Outdoors Shop,Personal Accessories,Binoculars,Seeker Mini,2012,Q1 2012,9812.46,122,0.50267313
United States,Telephone,Outdoors Shop,Personal Accessories,Binoculars,Opera Vision,2012,Q1 2012,6160,56,0.544
United States,Telephone,Outdoors Shop,Personal Accessories,Binoculars,Ranger Vision,2012,Q1 2012,11040,69,0.42833152
United States,Telephone,Outdoors Shop,Personal Accessories,Navigation,Glacier GPS,2012,Q1 2012,38624.96,352,0.28415201
United States,Telephone,Outdoors Shop,Personal Accessories,Navigation,Glacier GPS Extreme,2012,Q1 2012,39548.34,117,0.4779303
United States,Telephone,Outdoors Shop,Personal Accessories,Navigation,Trail Master,2012,Q1 2012,22995,63,0.34825788
United States,Telephone,Outdoors Shop,Personal Accessories,Navigation,Trail Scout,2012,Q1 2012,5950,25,0.35798319
United States,Telephone,Outdoors Shop,Outdoor Protection,Insect Repellents,BugShield Extreme,2012,Q1 2012,22891.82,3479,0.63221884
United States,Telephone,Outdoors Shop,Outdoor Protection,Sunscreen,Sun Shelter 30,2012,Q1 2012,13352.7,2841,0.60638298
United States,Telephone,Outdoors Shop,Outdoor Protection,First Aid,Compact Relief Kit,2012,Q1 2012,3448.62,153,0.60070985
United States,Telephone,Eyewear Store,Personal Accessories,Watches,Mountain Man Analog,2012,Q1 2012,34087.79,719,0.36722211
United States,Telephone,Eyewear Store,Personal Accessories,Eyewear,Polar Sun,2012,Q1 2012,39812.66,668,0.56124007
United States,Telephone,Eyewear Store,Personal Accessories,Eyewear,Polar Ice,2012,Q1 2012,25908.3,249,0.52243837
United States,Telephone,Eyewear Store,Personal Accessories,Eyewear,Polar Sports,2012,Q1 2012,19377.12,168,0.48950928
United States,Telephone,Eyewear Store,Personal Accessories,Eyewear,Polar Wave,2012,Q1 2012,7590.51,81,0.56119945
United States,Telephone,Eyewear Store,Personal Accessories,Eyewear,Polar Extreme,2012,Q1 2012,4795.89,33,0.50113535
United States,Telephone,Eyewear Store,Personal Accessories,Binoculars,Seeker 35,2012,Q1 2012,29196.15,295,0.28069112
United States,Telephone,Eyewear Store,Personal Accessories,Binoculars,Seeker Extreme,2012,Q1 2012,14423.64,84,0.45186652
United States,Telephone,Eyewear Store,Personal Accessories,Navigation,Glacier GPS,2012,Q1 2012,40270.91,367,0.28415201
United States,Telephone,Sports Store,Camping Equipment,Cooking Gear,TrailChef Water Bag,2012,Q1 2012,17938.62,2898,0.5266559
United States,Telephone,Sports Store,Camping Equipment,Cooking Gear,TrailChef Canteen,2012,Q1 2012,35980.74,3382,0.47020434
United States,Telephone,Sports Store,Camping Equipment,Cooking Gear,TrailChef Single Flame,2012,Q1 2012,190288.32,3032,0.26099426
United States,Telephone,Sports Store,Camping Equipment,Cooking Gear,TrailChef Utensils,2012,Q1 2012,5688.9,301,0.47089947
United States,Telephone,Sports Store,Camping Equipment,Tents,Star Lite,2012,Q1 2012,189268.48,544,0.28144401
United States,Telephone,Sports Store,Camping Equipment,Tents,Star Gazer 2,2012,Q1 2012,182854.98,334,0.28293788
United States,Telephone,Sports Store,Camping Equipment,Tents,Star Gazer 3,2012,Q1 2012,170557.88,268,0.3306202
United States,Telephone,Sports Store,Camping Equipment,Tents,Star Gazer 6,2012,Q1 2012,31278.8,40,0.3733775
United States,Telephone,Sports Store,Camping Equipment,Tents,Star Peg,2012,Q1 2012,4802,2450,0.48979592
United States,Telephone,Sports Store,Camping Equipment,Sleeping Bags,Hibernator,2012,Q1 2012,145611.1,1055,0.3769019
United States,Telephone,Sports Store,Camping Equipment,Sleeping Bags,Hibernator Self - Inflating Mat,2012,Q1 2012,54312.02,454,0.5440107
United States,Telephone,Sports Store,Camping Equipment,Packs,Canyon Mule Climber Backpack,2012,Q1 2012,6840.54,89,0.31693989
United States,Telephone,Sports Store,Camping Equipment,Packs,Canyon Mule Extreme Backpack,2012,Q1 2012,63634.83,147,0.4481739
United States,Telephone,Sports Store,Camping Equipment,Packs,Canyon Mule Cooler,2012,Q1 2012,27269.46,837,0.50890117
United States,Telephone,Sports Store,Camping Equipment,Packs,Canyon Mule Carryall,2012,Q1 2012,31988.67,463,0.40396584
United States,Telephone,Sports Store,Camping Equipment,Lanterns,Firefly 4,2012,Q1 2012,18109.95,769,0.38853503
United States,Telephone,Sports Store,Camping Equipment,Lanterns,Firefly Extreme,2012,Q1 2012,8946,180,0.43420523
United States,Telephone,Sports Store,Camping Equipment,Lanterns,EverGlow Kerosene,2012,Q1 2012,9183.24,297,0.35316947
United States,Telephone,Sports Store,Camping Equipment,Lanterns,EverGlow Butane,2012,Q1 2012,8022.42,126,0.36186587
United States,Telephone,Sports Store,Camping Equipment,Lanterns,EverGlow Lamp,2012,Q1 2012,25684.96,952,0.33395107
United States,Telephone,Sports Store,Camping Equipment,Lanterns,Flicker Lantern,2012,Q1 2012,7148.4,210,0.54112808
United States,Telephone,Sports Store,Personal Accessories,Watches,Mountain Man Analog,2012,Q1 2012,5831.43,123,0.36722211
United States,Telephone,Sports Store,Personal Accessories,Watches,Mountain Man Digital,2012,Q1 2012,2592.57,89,0.31342259
United States,Telephone,Sports Store,Personal Accessories,Watches,Mountain Man Combination,2012,Q1 2012,5645.4,60,0.52173451
United States,Telephone,Sports Store,Personal Accessories,Watches,Mountain Man Extreme,2012,Q1 2012,13564.8,48,0.5888535
United States,Telephone,Sports Store,Personal Accessories,Watches,Venue,2012,Q1 2012,7140,102,0.41971429
United States,Telephone,Sports Store,Personal Accessories,Watches,Infinity,2012,Q1 2012,7260,33,0.47472727
United States,Telephone,Sports Store,Personal Accessories,Watches,Lux,2012,Q1 2012,8192.8,49,0.47703349
United States,Telephone,Sports Store,Personal Accessories,Watches,Sam,2012,Q1 2012,7453.4,166,0.38841871
United States,Telephone,Sports Store,Personal Accessories,Watches,TX,2012,Q1 2012,27636,144,0.45761543
United States,Telephone,Sports Store,Personal Accessories,Watches,Legend,2012,Q1 2012,18596.6,71,0.44619231
United States,Telephone,Sports Store,Personal Accessories,Watches,Kodiak,2012,Q1 2012,12685.8,104,0.4505384
United States,Telephone,Sports Store,Personal Accessories,Eyewear,Polar Sun,2012,Q1 2012,17360.42,288,0.56618561
United States,Telephone,Sports Store,Personal Accessories,Eyewear,Polar Ice,2012,Q1 2012,4032.6,39,0.51943907
United States,Telephone,Sports Store,Personal Accessories,Eyewear,Bella,2012,Q1 2012,7762.5,115,0.4557037
United States,Telephone,Sports Store,Personal Accessories,Eyewear,Capri,2012,Q1 2012,8732.4,228,0.34020888
United States,Telephone,Sports Store,Personal Accessories,Eyewear,Cat Eye,2012,Q1 2012,22337.45,614,0.33994883
United States,Telephone,Sports Store,Personal Accessories,Eyewear,Dante,2012,Q1 2012,30631.5,718,0.35748755
United States,Telephone,Sports Store,Personal Accessories,Eyewear,Inferno,2012,Q1 2012,7670,118,0.39461538
United States,Telephone,Sports Store,Personal Accessories,Eyewear,Zone,2012,Q1 2012,35687.9,1169,0.32486725
United States,Telephone,Sports Store,Personal Accessories,Eyewear,Hawk Eye,2012,Q1 2012,7290,180,0.39975309
United States,Telephone,Sports Store,Personal Accessories,Knives,Double Edge,2012,Q1 2012,42436.68,2643,0.28812786
United States,Telephone,Sports Store,Personal Accessories,Knives,Edge Extreme,2012,Q1 2012,29252.6,260,0.28895209
United States,Telephone,Sports Store,Personal Accessories,Knives,Bear Edge,2012,Q1 2012,24837.6,632,0.40127226
United States,Telephone,Sports Store,Personal Accessories,Knives,Bear Survival Edge,2012,Q1 2012,6593,76,0.48126801
United States,Telephone,Sports Store,Personal Accessories,Knives,Pocket Gizmo,2012,Q1 2012,3623.4,297,0.61725727
United States,Telephone,Sports Store,Personal Accessories,Binoculars,Seeker 35,2012,Q1 2012,26721.9,270,0.28069112
United States,Telephone,Sports Store,Personal Accessories,Binoculars,Seeker Mini,2012,Q1 2012,34745.76,432,0.50267313
United States,Telephone,Sports Store,Personal Accessories,Binoculars,Ranger Vision,2012,Q1 2012,7200,45,0.5350625
United States,Telephone,Sports Store,Personal Accessories,Navigation,Glacier Basic,2012,Q1 2012,55322.82,1743,0.36988028
United States,Telephone,Sports Store,Personal Accessories,Navigation,Trail Master,2012,Q1 2012,8760,24,0.34767123
United States,Telephone,Sports Store,Personal Accessories,Navigation,Trail Scout,2012,Q1 2012,8330,35,0.35798319
United States,Telephone,Sports Store,Outdoor Protection,Insect Repellents,BugShield Spray,2012,Q1 2012,5577.83,947,0.6893039
United States,Telephone,Sports Store,Outdoor Protection,Sunscreen,Sun Shelter Stick,2012,Q1 2012,6503.85,1341,0.59587629
United States,Telephone,Sports Store,Outdoor Protection,Sunscreen,Sun Shelter 30,2012,Q1 2012,14814.4,3152,0.60638298
United States,Telephone,Sports Store,Outdoor Protection,First Aid,Calamine Relief,2012,Q1 2012,618,103,0.52833333
United States,Telephone,Sports Store,Outdoor Protection,First Aid,Insect Bite Relief,2012,Q1 2012,276,46,0.54
United States,Telephone,Sports Store,Golf Equipment,Irons,Hailstorm Steel Irons,2012,Q1 2012,48967.42,113,0.49000785
United States,Telephone,Sports Store,Golf Equipment,Irons,Hailstorm Titanium Irons,2012,Q1 2012,73316.88,84,0.43751289
United States,Telephone,Sports Store,Golf Equipment,Irons,Lady Hailstorm Titanium Irons,2012,Q1 2012,56826.24,68,0.44955007
United States,Telephone,Sports Store,Golf Equipment,Woods,Hailstorm Steel Woods Set,2012,Q1 2012,63461.28,97,0.47786745
United States,Telephone,Sports Store,Golf Equipment,Putters,Blue Steel Putter,2012,Q1 2012,23777.55,285,0.50617284
United States,Telephone,Sports Store,Golf Equipment,Putters,Blue Steel Max Putter,2012,Q1 2012,40579.81,239,0.45933212
United States,Telephone,Sports Store,Golf Equipment,Golf Accessories,Course Pro Golf and Tee Set,2012,Q1 2012,9979.44,1060,0.70258852
United States,Telephone,Sports Store,Golf Equipment,Golf Accessories,Course Pro Umbrella,2012,Q1 2012,13173.3,1164,0.46983672
United States,Telephone,Sports Store,Golf Equipment,Golf Accessories,Course Pro Golf Bag,2012,Q1 2012,28456.27,142,0.602288
United States,Mail,Department Store,Camping Equipment,Cooking Gear,TrailChef Canteen,2012,Q1 2012,11839.5,1350,0.49600912
United States,Mail,Department Store,Camping Equipment,Cooking Gear,TrailChef Kettle,2012,Q1 2012,40133.73,5061,0.49684741
United States,Mail,Department Store,Camping Equipment,Tents,Star Dome,2012,Q1 2012,100341.76,164,0.35277197
United States,Mail,Department Store,Camping Equipment,Tents,Star Peg,2012,Q1 2012,4617.76,2356,0.48979592
United States,Mail,Department Store,Camping Equipment,Sleeping Bags,Hibernator,2012,Q1 2012,67767.82,491,0.3769019
United States,Mail,Department Store,Camping Equipment,Packs,Canyon Mule Weekender Backpack,2012,Q1 2012,83040.66,309,0.37984669
United States,Mail,Department Store,Camping Equipment,Packs,Canyon Mule Journey Backpack,2012,Q1 2012,97262.19,279,0.38805542
United States,Mail,Department Store,Camping Equipment,Packs,Canyon Mule Cooler,2012,Q1 2012,26357.22,809,0.50890117
United States,Mail,Department Store,Camping Equipment,Lanterns,Firefly Mapreader,2012,Q1 2012,12671.6,802,0.52531646
United States,Mail,Department Store,Camping Equipment,Lanterns,Firefly 2,2012,Q1 2012,12873.6,480,0.37844892
United States,Mail,Department Store,Camping Equipment,Lanterns,Firefly 4,2012,Q1 2012,8424.2,292,0.37608319
United States,Mail,Department Store,Personal Accessories,Watches,Mountain Man Analog,2012,Q1 2012,6068.48,128,0.36722211
United States,Mail,Department Store,Personal Accessories,Watches,Mountain Man Deluxe,2012,Q1 2012,7742.66,101,0.49126011
United States,Mail,Department Store,Personal Accessories,Navigation,Glacier GPS,2012,Q1 2012,39173.61,357,0.28415201
United States,Mail,Department Store,Outdoor Protection,Insect Repellents,BugShield Lotion Lite,2012,Q1 2012,3491.74,509,0.72594752
United States,Mail,Department Store,Outdoor Protection,Sunscreen,Sun Shield,2012,Q1 2012,7356.48,1264,0.5257732
United States,Mail,Department Store,Outdoor Protection,First Aid,Aloe Relief,2012,Q1 2012,711.28,136,0.63288719
United States,Mail,Department Store,Golf Equipment,Irons,Hailstorm Steel Irons,2012,Q1 2012,87322.62,237,0.40018978
United States,Mail,Department Store,Golf Equipment,Irons,Lady Hailstorm Steel Irons,2012,Q1 2012,33052.14,66,0.44535634
United States,Mail,Department Store,Golf Equipment,Woods,Hailstorm Steel Woods Set,2012,Q1 2012,128801.76,188,0.50139812
United States,Mail,Department Store,Golf Equipment,Woods,Lady Hailstorm Steel Woods Set,2012,Q1 2012,46233.18,54,0.44845066
United States,Mail,Department Store,Golf Equipment,Putters,Course Pro Putter,2012,Q1 2012,108158.25,1497,0.51695502
United States,Mail,Department Store,Golf Equipment,Putters,Blue Steel Putter,2012,Q1 2012,25601.62,298,0.5204366
United States,Mail,Department Store,Golf Equipment,Golf Accessories,Course Pro Golf and Tee Set,2012,Q1 2012,9907.2,960,0.72868217
United States,Mail,Department Store,Golf Equipment,Golf Accessories,Course Pro Umbrella,2012,Q1 2012,12435.3,1011,0.51219512
United States,Mail,Department Store,Golf Equipment,Golf Accessories,Course Pro Golf Bag,2012,Q1 2012,20407.86,99,0.61336955
United States,Mail,Department Store,Golf Equipment,Golf Accessories,Course Pro Gloves,2012,Q1 2012,5828.79,561,0.7680462
United States,Mail,Outdoors Shop,Camping Equipment,Cooking Gear,TrailChef Water Bag,2012,Q1 2012,35850.2,9076,0.46582278
United States,Mail,Outdoors Shop,Camping Equipment,Cooking Gear,TrailChef Deluxe Cook Set,2012,Q1 2012,65359.84,536,0.34754797
United States,Mail,Outdoors Shop,Camping Equipment,Cooking Gear,TrailChef Double Flame,2012,Q1 2012,39516.82,277,0.4742745
United States,Mail,Outdoors Shop,Camping Equipment,Cooking Gear,TrailChef Utensils,2012,Q1 2012,6237,330,0.47089947
United States,Mail,Outdoors Shop,Camping Equipment,Tents,Star Lite,2012,Q1 2012,157607.76,453,0.28144401
United States,Mail,Outdoors Shop,Camping Equipment,Sleeping Bags,Hibernator Extreme,2012,Q1 2012,82744.36,332,0.39814629
United States,Mail,Outdoors Shop,Camping Equipment,Sleeping Bags,Hibernator Pad,2012,Q1 2012,14510.24,368,0.51382196
United States,Mail,Outdoors Shop,Camping Equipment,Packs,Canyon Mule Extreme Backpack,2012,Q1 2012,57574.37,133,0.4481739
United States,Mail,Outdoors Shop,Mountaineering Equipment,Rope,Husky Rope 50,2012,Q1 2012,22108.8,147,0.32905585
United States,Mail,Outdoors Shop,Mountaineering Equipment,Rope,Husky Rope 60,2012,Q1 2012,29647.6,166,0.29165733
United States,Mail,Outdoors Shop,Mountaineering Equipment,Rope,Husky Rope 100,2012,Q1 2012,81790.86,251,0.30126435
United States,Mail,Outdoors Shop,Mountaineering Equipment,Rope,Husky Rope 200,2012,Q1 2012,75126.72,139,0.31477575
United States,Mail,Outdoors Shop,Mountaineering Equipment,Climbing Accessories,Granite Carabiner,2012,Q1 2012,15987.52,4252,0.4787234
United States,Mail,Outdoors Shop,Mountaineering Equipment,Climbing Accessories,Granite Belay,2012,Q1 2012,20595.4,313,0.47613982
United States,Mail,Outdoors Shop,Mountaineering Equipment,Climbing Accessories,Granite Pulley,2012,Q1 2012,16623.86,451,0.50217037
United States,Mail,Outdoors Shop,Mountaineering Equipment,Climbing Accessories,Firefly Climbing Lamp,2012,Q1 2012,8999.28,232,0.42768755
United States,Mail,Outdoors Shop,Mountaineering Equipment,Climbing Accessories,Firefly Charger,2012,Q1 2012,20097.4,391,0.56498054
United States,Mail,Outdoors Shop,Mountaineering Equipment,Climbing Accessories,Firefly Rechargeable Battery,2012,Q1 2012,11500.32,1482,0.59407216
United States,Mail,Outdoors Shop,Mountaineering Equipment,Climbing Accessories,Granite Chalk Bag,2012,Q1 2012,4163.04,236,0.51643991
United States,Mail,Outdoors Shop,Mountaineering Equipment,Tools,Granite Grip,2012,Q1 2012,21010.2,1083,0.49020619
United States,Mail,Outdoors Shop,Mountaineering Equipment,Tools,Granite Axe,2012,Q1 2012,94907.2,2506,0.48457946
United States,Mail,Outdoors Shop,Mountaineering Equipment,Tools,Granite Extreme,2012,Q1 2012,143481.6,1908,0.38138298
United States,Mail,Outdoors Shop,Personal Accessories,Eyewear,Polar Sun,2012,Q1 2012,5429.36,92,0.55689068
United States,Mail,Outdoors Shop,Personal Accessories,Eyewear,Polar Sports,2012,Q1 2012,8650.5,75,0.48950928
United States,Mail,Outdoors Shop,Personal Accessories,Eyewear,Polar Extreme,2012,Q1 2012,1993.18,14,0.4907635
United States,Mail,Outdoors Shop,Personal Accessories,Knives,Edge Extreme,2012,Q1 2012,64018.19,569,0.28895209
United States,Mail,Outdoors Shop,Personal Accessories,Binoculars,Seeker Extreme,2012,Q1 2012,14423.64,84,0.45186652
United States,Mail,Outdoors Shop,Personal Accessories,Navigation,Glacier GPS,2012,Q1 2012,40929.29,373,0.28415201
United States,Mail,Outdoors Shop,Personal Accessories,Navigation,Glacier GPS Extreme,2012,Q1 2012,83828.96,248,0.4779303
United States,Mail,Outdoors Shop,Outdoor Protection,Insect Repellents,BugShield Lotion Lite,2012,Q1 2012,3457.44,504,0.72594752
United States,Mail,Outdoors Shop,Outdoor Protection,Insect Repellents,BugShield Extreme,2012,Q1 2012,49152.6,7470,0.63221884
United States,Mail,Outdoors Shop,Outdoor Protection,Sunscreen,Sun Shield,2012,Q1 2012,7129.5,1225,0.5257732
United States,Mail,Outdoors Shop,Outdoor Protection,First Aid,Compact Relief Kit,2012,Q1 2012,3967.04,176,0.60070985
United States,Mail,Outdoors Shop,Outdoor Protection,First Aid,Aloe Relief,2012,Q1 2012,695.59,133,0.63288719
United States,Mail,Outdoors Shop,Outdoor Protection,First Aid,Insect Bite Relief,2012,Q1 2012,756,126,0.54
United States,Mail,Eyewear Store,Personal Accessories,Watches,Mountain Man Analog,2012,Q1 2012,5508.5,115,0.3736952
United States,Mail,Eyewear Store,Personal Accessories,Eyewear,Polar Sun,2012,Q1 2012,6814.64,111,0.57405674
United States,Mail,Eyewear Store,Personal Accessories,Eyewear,Polar Ice,2012,Q1 2012,3366,31,0.5423678
United States,Mail,Eyewear Store,Personal Accessories,Eyewear,Polar Sports,2012,Q1 2012,5190.3,45,0.48950928
United States,Mail,Eyewear Store,Personal Accessories,Eyewear,Polar Wave,2012,Q1 2012,1243.06,13,0.56996444
United States,Mail,Eyewear Store,Personal Accessories,Binoculars,Seeker 35,2012,Q1 2012,12866.1,130,0.28069112
United States,Web,Golf Shop,Personal Accessories,Watches,Venue,2012,Q1 2012,41596,574,0.4192105
United States,Web,Golf Shop,Personal Accessories,Watches,Infinity,2012,Q1 2012,28460,126,0.45703514
United States,Web,Golf Shop,Personal Accessories,Watches,Lux,2012,Q1 2012,8360,50,0.47703349
United States,Web,Golf Shop,Personal Accessories,Watches,Sam,2012,Q1 2012,7543.2,168,0.38841871
United States,Web,Golf Shop,Personal Accessories,Watches,TX,2012,Q1 2012,98512,513,0.45880908
United States,Web,Golf Shop,Personal Accessories,Watches,Legend,2012,Q1 2012,42818.2,166,0.44495939
United States,Web,Golf Shop,Personal Accessories,Watches,Kodiak,2012,Q1 2012,23891,189,0.46665606
United States,Web,Golf Shop,Personal Accessories,Eyewear,Bella,2012,Q1 2012,14985,222,0.4557037
United States,Web,Golf Shop,Personal Accessories,Eyewear,Capri,2012,Q1 2012,26120.6,682,0.34139568
United States,Web,Golf Shop,Personal Accessories,Eyewear,Cat Eye,2012,Q1 2012,95650.35,3048,0.32840988
United States,Web,Golf Shop,Personal Accessories,Eyewear,Dante,2012,Q1 2012,62242.35,1451,0.35579135
United States,Web,Golf Shop,Personal Accessories,Eyewear,Fairway,2012,Q1 2012,29237.65,1451,0.40378861
United States,Web,Golf Shop,Personal Accessories,Eyewear,Inferno,2012,Q1 2012,44576.45,700,0.4253174
United States,Web,Golf Shop,Personal Accessories,Eyewear,Maximus,2012,Q1 2012,45915,570,0.49786715
United States,Web,Golf Shop,Personal Accessories,Eyewear,Trendi,2012,Q1 2012,21578.7,429,0.39525921
United States,Web,Golf Shop,Personal Accessories,Eyewear,Zone,2012,Q1 2012,70464.7,2302,0.32717588
United States,Web,Golf Shop,Personal Accessories,Eyewear,Hawk Eye,2012,Q1 2012,29484,728,0.40053453
United States,Web,Golf Shop,Personal Accessories,Knives,Max Gizmo,2012,Q1 2012,12262.2,321,0.53979058
United States,Web,Golf Shop,Personal Accessories,Knives,Pocket Gizmo,2012,Q1 2012,16811.6,1378,0.59992148